id_estudiante,nota_final,comentario_retro
E096,3.4,Me gustaron mucho las lecturas propuestas durante el semestre.
E016,5.0,Sentí que el contenido fue relevante para mi formación profesional.
E031,3.5,Sentí que el ritmo de la materia fue adecuado para mí.
E159,4.6,Tuve que cuidar a un familiar varias semanas y se me atrasaron las entregas.
E129,3.5,Los ejemplos usados en clase conectaron bien con mi carrera.
E116,2.2,El tiempo se me quedó corto entre el trabajo y las lecturas de la materia.
E070,2.5,Fue muy difícil coordinar los trabajos en grupo con mis compañeros.
E171,4.7,El material complementario fue muy útil para reforzar lo visto en clase.
E175,3.7,El profesor estuvo siempre disponible para resolver dudas.
E046,3.4,El profesor estuvo siempre disponible para resolver dudas.
E067,1.8,Tuve varias caídas de conexión justo en los momentos de evaluación.
E183,5.0,El material complementario fue muy útil para reforzar lo visto en clase.
E166,5.0,Las explicaciones en clase fueron claras y me ayudaron bastante.
E079,3.1,Me gustaron mucho las lecturas propuestas durante el semestre.
E187,5.0,El material complementario fue muy útil para reforzar lo visto en clase.
E178,4.2,Las retroalimentaciones anteriores me ayudaron a mejorar mis entregas.
E057,4.4,Se me complicó mucho cuadrar horarios con el resto del grupo para las reuniones.
E153,5.0,Las explicaciones en clase fueron claras y me ayudaron bastante.
E083,3.0,Encontré muy claros los criterios de evaluación desde el inicio.
E069,3.5,El profesor estuvo siempre disponible para resolver dudas.
E125,3.9,Me sentí cómodo participando durante las sesiones.
E017,3.6,Sentí que el ritmo de la materia fue adecuado para mí.
E149,2.5,Los recursos virtuales estuvieron bien organizados y fáciles de encontrar.
E094,2.6,Fue muy difícil coordinar los trabajos en grupo con mis compañeros.
E066,2.8,Perdí una entrega importante por un problema con la plataforma y mi conexión.
E061,2.5,No tuve buen acceso a internet en mi casa durante buena parte del semestre.
E085,2.9,Los foros de discusión ayudaron a aclarar varias dudas del grupo.
E068,3.4,Viví lejos del campus y el desplazamiento me quitaba tiempo de estudio.
E126,1.5,Se me dificultó conectarme a las clases virtuales varias semanas por problemas de internet.
E133,4.2,El profesor estuvo siempre disponible para resolver dudas.
E010,4.0,El profesor estuvo siempre disponible para resolver dudas.
E019,3.2,Sentí que el contenido fue relevante para mi formación profesional.
E056,3.6,Las evaluaciones estuvieron alineadas con lo que se trabajó en clase.
E076,4.0,Fue muy difícil coordinar los trabajos en grupo con mis compañeros.
E151,5.0,El acompañamiento durante el semestre fue constante y útil.
E105,2.0,Me sentí cómodo participando durante las sesiones.
E136,2.3,El computador que uso es compartido y no siempre podía usarlo a tiempo.
E138,2.9,Me gustaron mucho las lecturas propuestas durante el semestre.
E165,3.8,Me pareció una materia exigente pero justa en la evaluación.
E077,2.6,No tuve buen acceso a internet en mi casa durante buena parte del semestre.
E080,2.2,Entre el trabajo y la casa casi no me quedaba tiempo para estudiar.
E198,4.6,Me pareció una materia exigente pero justa en la evaluación.
E039,4.2,El material complementario fue muy útil para reforzar lo visto en clase.
E025,3.1,Aprendí bastante y creo que lo aplicaré en otras materias.
E123,1.5,Mis compañeros de grupo no respondían a tiempo para avanzar en las entregas.
E196,4.4,La materia despertó mi interés por seguir profundizando en el tema.
E030,3.6,El acompañamiento durante el semestre fue constante y útil.
E020,4.2,Sentí que el contenido fue relevante para mi formación profesional.
E144,3.1,El material complementario fue muy útil para reforzar lo visto en clase.
E087,2.6,El tiempo se me quedó corto entre el trabajo y las lecturas de la materia.
E115,2.5,Tuve que ausentarme varias semanas por temas laborales y se me acumuló todo.
E174,3.9,Me pareció una materia exigente pero justa en la evaluación.
E006,4.4,Las evaluaciones estuvieron alineadas con lo que se trabajó en clase.
E127,3.2,En general tuve una buena experiencia con la materia este semestre.
E118,3.4,Las evaluaciones estuvieron alineadas con lo que se trabajó en clase.
E074,3.5,Sentí que el contenido fue relevante para mi formación profesional.
E141,1.7,No tuve buen acceso a internet en mi casa durante buena parte del semestre.
E099,2.2,Los ejemplos usados en clase conectaron bien con mi carrera.
E173,4.2,El acompañamiento durante el semestre fue constante y útil.
E097,3.0,"Me gustó la dinámica de las clases, se sintieron participativas."
E170,3.0,Las retroalimentaciones anteriores me ayudaron a mejorar mis entregas.
E098,4.1,Me pareció una materia exigente pero justa en la evaluación.
E032,2.8,La app de la plataforma fallaba seguido y perdía tiempo reintentando subir tareas.
E013,5.0,Las retroalimentaciones anteriores me ayudaron a mejorar mis entregas.
E036,3.8,Aprendí bastante y creo que lo aplicaré en otras materias.
E120,3.6,Me pareció una materia exigente pero justa en la evaluación.
E043,4.2,Me gustaron mucho las lecturas propuestas durante el semestre.
E190,4.6,Se me dañó el computador a mitad de semestre y perdí tiempo valioso.
E091,4.0,Me sentí cómodo participando durante las sesiones.
E137,3.4,Me pareció una materia exigente pero justa en la evaluación.
E052,3.4,La materia despertó mi interés por seguir profundizando en el tema.
E128,2.4,Sentí que el ritmo de la materia fue adecuado para mí.
E163,4.8,Me sentí cómodo participando durante las sesiones.
E042,2.8,Me pareció una materia exigente pero justa en la evaluación.
E119,1.8,Se me complicó mucho cuadrar horarios con el resto del grupo para las reuniones.
E114,2.4,No tuve buen acceso a internet en mi casa durante buena parte del semestre.
E027,4.1,No tuve buen acceso a internet en mi casa durante buena parte del semestre.
E140,3.4,Me gustaron mucho las lecturas propuestas durante el semestre.
E101,2.7,Se me dañó el computador a mitad de semestre y perdí tiempo valioso.
E112,3.0,"Me gustó la dinámica de las clases, se sintieron participativas."
E003,3.4,Me pareció una materia exigente pero justa en la evaluación.
E078,4.0,El profesor estuvo siempre disponible para resolver dudas.
E047,4.6,Las explicaciones en clase fueron claras y me ayudaron bastante.
E188,3.7,La materia despertó mi interés por seguir profundizando en el tema.
E192,3.8,No conseguí buena señal de internet para las sesiones sincrónicas.
E086,3.4,Tuve que cuidar a un familiar varias semanas y se me atrasaron las entregas.
E162,3.4,Viví lejos del campus y el desplazamiento me quitaba tiempo de estudio.
E037,5.0,Las evaluaciones estuvieron alineadas con lo que se trabajó en clase.
E191,3.0,El material complementario fue muy útil para reforzar lo visto en clase.
E062,4.2,Los foros de discusión ayudaron a aclarar varias dudas del grupo.
E023,3.6,Las explicaciones en clase fueron claras y me ayudaron bastante.
E142,3.3,Mis compañeros de grupo no respondían a tiempo para avanzar en las entregas.
E102,2.3,Tuve que cuidar a un familiar varias semanas y se me atrasaron las entregas.
E034,3.6,Los foros de discusión ayudaron a aclarar varias dudas del grupo.
E012,5.0,Me gustaron mucho las lecturas propuestas durante el semestre.
E195,4.0,Las retroalimentaciones anteriores me ayudaron a mejorar mis entregas.
E160,4.7,En general tuve una buena experiencia con la materia este semestre.
E007,3.9,En general tuve una buena experiencia con la materia este semestre.
E028,4.8,La materia despertó mi interés por seguir profundizando en el tema.
E121,3.3,Las evaluaciones estuvieron alineadas con lo que se trabajó en clase.
E005,4.1,Los foros de discusión ayudaron a aclarar varias dudas del grupo.
E033,4.2,No alcancé a entregar a tiempo por mis horarios de trabajo.
E143,2.4,Mis compañeros de grupo no respondían a tiempo para avanzar en las entregas.
E146,3.3,Me pareció una materia exigente pero justa en la evaluación.
E110,2.4,Los ejemplos usados en clase conectaron bien con mi carrera.
E145,2.8,La app de la plataforma fallaba seguido y perdía tiempo reintentando subir tareas.
E011,4.8,Me sentí cómodo participando durante las sesiones.
E063,2.6,Los ejemplos usados en clase conectaron bien con mi carrera.
E113,3.8,Me sentí cómodo participando durante las sesiones.
E147,3.6,"La coordinación del trabajo grupal fue el mayor obstáculo, no el contenido."
E167,3.4,Encontré muy claros los criterios de evaluación desde el inicio.
E001,3.4,"Disfruté los talleres prácticos, se entienden mejor los temas así."
E199,2.7,El profesor estuvo siempre disponible para resolver dudas.
E154,4.4,El acompañamiento durante el semestre fue constante y útil.
E071,2.8,El computador que uso es compartido y no siempre podía usarlo a tiempo.
E124,2.4,Sentí que el ritmo de la materia fue adecuado para mí.
E065,2.2,Las evaluaciones estuvieron alineadas con lo que se trabajó en clase.
E045,4.0,Me sentí cómodo participando durante las sesiones.
E164,4.6,El acompañamiento durante el semestre fue constante y útil.
E029,4.5,"El grupo de trabajo se desorganizó y terminé haciendo todo casi solo, sin tiempo suficiente."
E041,4.6,"Me gustó la dinámica de las clases, se sintieron participativas."
E109,2.6,Fue muy difícil coordinar los trabajos en grupo con mis compañeros.
E156,5.0,Aprendí bastante y creo que lo aplicaré en otras materias.
E157,4.6,El acompañamiento durante el semestre fue constante y útil.
E026,5.0,Sentí que el ritmo de la materia fue adecuado para mí.
E024,2.8,El material complementario fue muy útil para reforzar lo visto en clase.
E185,4.9,Sentí que el ritmo de la materia fue adecuado para mí.
E148,1.8,Se me dificultó conectarme a las clases virtuales varias semanas por problemas de internet.
E082,2.8,Se me dificultó conectarme a las clases virtuales varias semanas por problemas de internet.
E040,4.3,Los foros de discusión ayudaron a aclarar varias dudas del grupo.
E169,4.3,En general tuve una buena experiencia con la materia este semestre.
E048,4.0,Sentí que el ritmo de la materia fue adecuado para mí.
E095,4.1,El material complementario fue muy útil para reforzar lo visto en clase.
E155,4.5,El material complementario fue muy útil para reforzar lo visto en clase.
E044,4.9,Las retroalimentaciones anteriores me ayudaron a mejorar mis entregas.
E139,2.4,Mis compañeros de grupo no respondían a tiempo para avanzar en las entregas.
E004,3.8,"Me gustó la dinámica de las clases, se sintieron participativas."
E106,4.2,"Me gustó la dinámica de las clases, se sintieron participativas."
E054,3.0,En general tuve una buena experiencia con la materia este semestre.
E134,3.0,Me pareció una materia exigente pero justa en la evaluación.
E181,5.0,Me gustaron mucho las lecturas propuestas durante el semestre.
E179,4.8,El profesor estuvo siempre disponible para resolver dudas.
E186,5.0,Los foros de discusión ayudaron a aclarar varias dudas del grupo.
E050,3.7,Encontré muy claros los criterios de evaluación desde el inicio.
E081,2.4,Fue muy difícil coordinar los trabajos en grupo con mis compañeros.
E035,3.6,El profesor estuvo siempre disponible para resolver dudas.
E008,4.9,En general tuve una buena experiencia con la materia este semestre.
E111,1.6,No tuve buen acceso a internet en mi casa durante buena parte del semestre.
E092,2.6,Se me dificultó conectarme a las clases virtuales varias semanas por problemas de internet.
E084,2.2,Se me complicó mucho cuadrar horarios con el resto del grupo para las reuniones.
E177,4.4,El acompañamiento durante el semestre fue constante y útil.
E182,3.0,El acompañamiento durante el semestre fue constante y útil.
E090,2.4,Sentí que el contenido fue relevante para mi formación profesional.
E009,4.6,La materia despertó mi interés por seguir profundizando en el tema.
E014,2.5,Se me dificultó conectarme a las clases virtuales varias semanas por problemas de internet.
E060,3.7,Me pareció una materia exigente pero justa en la evaluación.
E172,5.0,Los ejemplos usados en clase conectaron bien con mi carrera.
E132,3.5,Me sentí cómodo participando durante las sesiones.
E018,3.2,Me sentí cómodo participando durante las sesiones.
E073,2.3,Viví lejos del campus y el desplazamiento me quitaba tiempo de estudio.
E176,3.4,Los ejemplos usados en clase conectaron bien con mi carrera.
E135,2.9,No conseguí buena señal de internet para las sesiones sincrónicas.
E168,3.9,Me gustaron mucho las lecturas propuestas durante el semestre.
E184,3.6,"Disfruté los talleres prácticos, se entienden mejor los temas así."
E064,2.5,Viví lejos del campus y el desplazamiento me quitaba tiempo de estudio.
E055,2.8,Viví lejos del campus y el desplazamiento me quitaba tiempo de estudio.
E108,3.2,"Me gustó la dinámica de las clases, se sintieron participativas."
E051,3.2,El profesor estuvo siempre disponible para resolver dudas.
E197,5.0,Los ejemplos usados en clase conectaron bien con mi carrera.
E059,2.5,El computador que uso es compartido y no siempre podía usarlo a tiempo.
E049,3.4,El material complementario fue muy útil para reforzar lo visto en clase.
E089,4.1,"Me gustó la dinámica de las clases, se sintieron participativas."
E022,4.0,Sentí que el ritmo de la materia fue adecuado para mí.
E058,3.4,El profesor estuvo siempre disponible para resolver dudas.
E161,4.1,Mis compañeros de grupo no respondían a tiempo para avanzar en las entregas.
E193,4.6,Los ejemplos usados en clase conectaron bien con mi carrera.
E130,2.4,Los foros de discusión ayudaron a aclarar varias dudas del grupo.
E038,4.2,Se me dañó el computador a mitad de semestre y perdí tiempo valioso.
E158,4.0,Me pareció una materia exigente pero justa en la evaluación.
E194,4.6,Los ejemplos usados en clase conectaron bien con mi carrera.
E002,4.5,Me gustaron mucho las lecturas propuestas durante el semestre.
E053,3.0,Sentí que el contenido fue relevante para mi formación profesional.
E150,3.2,En general tuve una buena experiencia con la materia este semestre.
E131,3.0,El material complementario fue muy útil para reforzar lo visto en clase.
E152,4.2,"Me gustó la dinámica de las clases, se sintieron participativas."
E104,2.2,No alcancé a entregar a tiempo por mis horarios de trabajo.
E100,2.0,Perdí una entrega importante por un problema con la plataforma y mi conexión.
E117,2.3,El computador que uso es compartido y no siempre podía usarlo a tiempo.
E088,3.8,El acompañamiento durante el semestre fue constante y útil.
E075,3.2,El acompañamiento durante el semestre fue constante y útil.
E122,3.2,Las retroalimentaciones anteriores me ayudaron a mejorar mis entregas.
E200,4.4,Aprendí bastante y creo que lo aplicaré en otras materias.
E021,4.4,"El grupo de trabajo se desorganizó y terminé haciendo todo casi solo, sin tiempo suficiente."
E189,4.3,Las retroalimentaciones anteriores me ayudaron a mejorar mis entregas.
E072,2.4,El computador que uso es compartido y no siempre podía usarlo a tiempo.
E107,3.4,Encontré muy claros los criterios de evaluación desde el inicio.
E015,4.1,Sentí que el ritmo de la materia fue adecuado para mí.
E093,3.4,"Me gustó la dinámica de las clases, se sintieron participativas."
E180,3.0,Los foros de discusión ayudaron a aclarar varias dudas del grupo.
E103,3.4,Me gustaron mucho las lecturas propuestas durante el semestre.
